page_name,post_id,post_content,posted_at,likes_count,comments_count,shares_count,product_mentioned,content_hash,comments_json
1103444262845580,1103444262845580_122113045676738573,"💬 PHẢN HỒI THẬT — PHÚ THỊNH LẮNG NGHE
Chúng mình biết chưa hoàn hảo. Một số bạn phản hồi:
• Giao hàng đôi khi chậm hơn dự kiến
• Một vài sản phẩm màu sắc chênh với ảnh
• Dịch vụ chăm sóc khách hàng cần cải thiện
Phú Thịnh đang và sẽ cải thiện từng ngày! Bạn có góp ý thêm không? Mình đọc hết và trân trọng mọi phản hồi! 🙏",2026-05-17 00:46:51+00:00,0,2,0,màu sắc chênh với ảnh,d15b38c6a9e60556bc21c3c359bb750e,"[{""comment_text"": ""Shop tiến bộ nhiều so với hồi đầu, cứ vậy mà phát triển nha!"", ""sentiment"": ""neutral"", ""created_time"": ""2026-05-17T09:03:32+0000""}, {""comment_text"": ""Cảm ơn shop dám nhìn nhận điểm yếu, ủng hộ shop cố gắng!"", ""sentiment"": ""neutral"", ""created_time"": ""2026-05-17T00:49:45+0000""}]"
1103444262845580,1103444262845580_122113045604738573,"👗 BÍ QUYẾT MIX ĐỒ ĐI LÀM CỰC CHUẨN
Công thức không bao giờ sai:
✅ Áo thun trắng basic + Quần jean xanh + Giày sneaker trắng
✅ Áo sơ mi kẻ + Chân váy midi + Sandal cao gót
✅ Áo polo + Quần âu đen + Giày Oxford
Tất cả items này đều có tại Phú Thịnh Fashion!
Tag bạn bè hay ăn mặc để học hỏi nhau nhé 👇",2026-05-17 00:46:41+00:00,0,2,0,Áo thun trắng basic + Quần jean xanh + Già,16f24c5e705904a584b55ddc6014ac98,"[{""comment_text"": ""Tư vấn hay quá, trước giờ không biết mix đồ"", ""sentiment"": ""positive"", ""created_time"": ""2026-05-17T09:05:46+0000""}, {""comment_text"": ""Shop có bán giày không?"", ""sentiment"": ""neutral"", ""created_time"": ""2026-05-17T00:51:03+0000""}]"
1103444262845580,1103444262845580_122113045568738573,"🛍️ MUA HÀNG PHÚ THỊNH Ở ĐÂU TIỆN NHẤT?
Phú Thịnh có mặt trên:
🟠 Shopee — Nhiều voucher nhất
🔵 Lazada — Freeship siêu tốt
🎵 TikTok Shop — Giá tốt nhất, livestream hàng ngày
🌐 Website — Tích điểm đổi quà
Bạn hay mua ở kênh nào? Vote bên dưới! 👇",2026-05-17 00:46:31+00:00,0,2,0,,88989b8a692dd5f28e431820bb6078c9,"[{""comment_text"": ""Shop có app riêng không?"", ""sentiment"": ""neutral"", ""created_time"": ""2026-05-17T09:04:36+0000""}, {""comment_text"": ""Mình hay mua shopee vì nhiều voucher hơn kkk"", ""sentiment"": ""positive"", ""created_time"": ""2026-05-17T00:51:32+0000""}]"
1103444262845580,1103444262845580_122113045364738573,"🔥 TREND MÙA HÈ 2025 BẠN ĐÃ BIẾT CHƯA?
5 xu hướng HOT nhất mùa này:
1️⃣ Tông màu pastel nhẹ nhàng
2️⃣ Váy Maxi dáng dài thanh lịch
3️⃣ Áo thun oversize unisex
4️⃣ Quần ống rộng năng động
5️⃣ Phụ kiện túi vải canvas
Phú Thịnh có đủ cả 5 xu hướng này! Bạn thích style nào nhất? Comment bên dưới nhé 👇",2026-05-17 00:46:10+00:00,0,1,0,Áo thun oversize unisex,d3499ff1535902e84e75621e1fe64c1c,"[{""comment_text"": ""Trend năm nay đẹp ghê, mình muốn mua hết"", ""sentiment"": ""positive"", ""created_time"": ""2026-05-17T00:52:20+0000""}]"
1103444262845580,1103444262845580_122113045322738573,"⚠️ THÔNG BÁO ĐỔI TRẢ HÀNG
Phú Thịnh hỗ trợ đổi trả trong 30 ngày nếu:
❌ Hàng bị lỗi từ nhà sản xuất
❌ Sai size, sai màu so với đơn đặt
❌ Hàng bị hư hỏng khi vận chuyển
Quy trình đơn giản: Quay video lúc mở hàng → Inbox shop → Shop xử lý trong 24h
Phú Thịnh luôn đặt quyền lợi khách hàng lên hàng đầu! 💙",2026-05-17 00:45:58+00:00,0,1,0,ÁO ĐỔI TRẢ HÀNG,5dc4772b54dbd4141fafeea2e8a98509,"[{""comment_text"": ""Mình nhận áo bị đứt chỉ ở vai, đổi giúp mình ạ"", ""sentiment"": ""neutral"", ""created_time"": ""2026-05-17T00:52:47+0000""}]"
1103444262845580,1103444262845580_122113045178738573,"📢 THÔNG BÁO VỀ TÌNH TRẠNG GIAO HÀNG
Shop nhận được phản hồi một số đơn hàng tuần qua bị chậm do đơn vị vận chuyển quá tải. Phú Thịnh thành thật xin lỗi vì sự bất tiện này!
Nếu đơn bạn chưa nhận sau 5 ngày, inbox shop để được hỗ trợ ngay nhé. Phú Thịnh cam kết hoàn tiền hoặc gửi lại hàng nếu thất lạc! 💪",2026-05-17 00:45:48+00:00,0,1,0,ÁO VỀ TÌNH TRẠNG GIAO HÀNG,9f35e84cce2d24ff033694d691401bf2,"[{""comment_text"": ""Mình đặt đơn 1 tuần rồi chưa nhận, shop xử lý giúp mình"", ""sentiment"": ""neutral"", ""created_time"": ""2026-05-17T00:53:31+0000""}]"
1103444262845580,1103444262845580_122113045112738573,"💬 KHÁCH HÀNG NÓI GÌ VỀ PHÚ THỊNH?
""Mình đã mua ở Phú Thịnh được 6 tháng, chưa lần nào thất vọng. Hàng đúng mô tả, đóng gói cẩn thận, giao nhanh. Đặc biệt shop tư vấn size rất nhiệt tình!"" — Chị Lan, TP.HCM
Cảm ơn chị đã tin tưởng Phú Thịnh! 🥰
Bạn cũng có trải nghiệm mua sắm tốt? Chia sẻ cùng mình nhé!",2026-05-17 00:45:34+00:00,0,1,0,,e17c22a998fe41b44a76204a753c3307,"[{""comment_text"": ""Mình là khách quen của shop, chất lượng ổn định"", ""sentiment"": ""positive"", ""created_time"": ""2026-05-17T00:54:02+0000""}]"
1103444262845580,1103444262845580_122113045046738573,"⚡ FLASH SALE 11/11 — CHỈ 24 GIỜ ⚡
Giảm đến 50% toàn bộ sản phẩm Phú Thịnh Fashion!
✅ Quần jean nữ ống rộng: 450k → 220k
✅ Đầm Maxi Boho: 380k → 190k
✅ Áo thun nam: 220k → 110k
⏰ Kết thúc lúc 23:59 hôm nay
🔥 Số lượng có hạn — ai nhanh người đó có!",2026-05-17 00:45:18+00:00,0,2,0,Phú Thịnh Fashion!; Quần jean nữ ống rộng: 450k → 220k,34da0c2a0ac851782879d5df2aedc64c,"[{""comment_text"": ""vừa order xong, hy vọng hàng đẹp như hình"", ""sentiment"": ""positive"", ""created_time"": ""2026-05-17T00:58:46+0000""}, {""comment_text"": ""Giao hàng đi Hà Nội mấy ngày shop"", ""sentiment"": ""neutral"", ""created_time"": ""2026-05-17T00:54:31+0000""}]"
1103444262845580,1103444262845580_122113044956738573,"🎉 CHÀO ĐÓN BST HÈ 2025 — PHÚ THỊNH FASHION
Áo thun nam Basic Cotton 100% vừa về hàng! Chất liệu mềm mịn, thoáng mát cả ngày dài. Có 8 màu cơ bản dễ phối đồ.
👕 Giá chỉ: 220.000đ
🚚 Freeship đơn từ 300k
📦 Giao hàng 1-2 ngày TP.HCM
Order ngay tại Shopee / Lazada / TikTok Shop — link bio!
#PhuThinhFashion #AoThunNam #ThoiTrangNam #HangVietNam",2026-05-17 00:45:02+00:00,0,2,0,Áo thun nam Basic Cotton 100% vừa về hàng!,4ebe6143be3900ea96b99d23136294da,"[{""comment_text"": ""M75 78kg size gì á shop"", ""sentiment"": ""neutral"", ""created_time"": ""2026-05-17T00:55:00+0000""}, {""comment_text"": ""mình order hôm qua hôm nay đã nhận được rồi giao siêu nhanh"", ""sentiment"": ""neutral"", ""created_time"": ""2026-05-17T00:57:38+0000""}]"
