keyword,title,snippet,url,position
bán hàng online 2024,Top 10 sản phẩm bán chạy nhất trên Shopee 2024,"Tổng hợp các sản phẩm bán chạy nhất trên Shopee năm 2024, từ thời trang đến điện tử tiêu dùng và đồ gia dụng.",https://shopee.vn/blog/san-pham-ban-chay-2024,1
bán hàng online 2024,Xu hướng thương mại điện tử Việt Nam 2024 - Báo cáo VECOM,"Thương mại điện tử Việt Nam tăng trưởng 25% năm 2024, doanh thu ước đạt 20 tỷ USD theo báo cáo VECOM.",https://vecom.vn/bao-cao-tmdt-2024,2
bán hàng online 2024,Hướng dẫn bán hàng online hiệu quả trên các sàn TMĐT,"Chiến lược tối ưu để tăng doanh thu khi bán hàng trên Shopee, Lazada và TikTok Shop năm 2024.",https://bizweb.vn/huong-dan-ban-hang-online,3
sản phẩm bán chạy shopee,Top 9 ngành hàng bán chạy trên Shopee bạn cần biết - Unica,"Phân tích chi tiết 9 ngành hàng có doanh số cao nhất trên Shopee, bao gồm thời trang, mỹ phẩm và điện tử.",https://unica.vn/blog/nganh-hang-ban-chay-shopee,1
sản phẩm bán chạy shopee,Phân tích top 5 sản phẩm bán chạy Shopee 2025,"Báo cáo phân tích doanh số và xu hướng tiêu dùng 5 sản phẩm dẫn đầu doanh số trên Shopee quý 1/2025.",https://shopee.vn/blog/top5-san-pham-2025,2
sản phẩm bán chạy shopee,Sản phẩm bán chạy nhất Shopee tháng 4/2025 - Cập nhật mới nhất,"Danh sách các mặt hàng có lượt mua cao nhất trong tháng 4/2025 trên sàn thương mại điện tử Shopee.",https://lazada.vn/catalog/san-pham-ban-chay,3
thương mại điện tử việt nam,Thị trường TMĐT Việt Nam 2025 - Tăng trưởng và thách thức,"Thương mại điện tử Việt Nam duy trì tăng trưởng 20-25% mỗi năm, dự báo đạt 35 tỷ USD vào năm 2025.",https://moit.gov.vn/tmdt-viet-nam-2025,1
thương mại điện tử việt nam,Báo cáo thương mại điện tử Việt Nam 2024 - iPrice Group,"Phân tích toàn diện thị trường TMĐT Việt Nam: traffic, doanh thu, người dùng và xu hướng chính 2024.",https://iprice.vn/bao-cao-tmdt-2024,2
thương mại điện tử việt nam,Shopee dẫn đầu thị phần TMĐT tại Việt Nam với 63% lượng truy cập,"Shopee tiếp tục giữ vị trí số 1 TMĐT Việt Nam, theo sau là Lazada, Tiki và TikTok Shop.",https://statista.com/vn-ecommerce-market-share,3
xu hướng mua sắm online,Gen Z và xu hướng mua sắm qua TikTok Shop năm 2025,"Giới trẻ Gen Z đang thay đổi thói quen mua sắm: 60% tìm kiếm sản phẩm qua TikTok trước khi mua.",https://tiktok.com/blog/xu-huong-mua-sam-genz,1
xu hướng mua sắm online,Livestream bán hàng - Xu hướng không thể bỏ qua 2025,"Doanh thu từ livestream bán hàng trên các nền tảng Shopee Live, TikTok tăng 300% so với năm ngoái.",https://brandsvietnam.com/livestream-ban-hang,2
xu hướng mua sắm online,Mua sắm trên di động chiếm 78% tổng doanh thu TMĐT Việt Nam,"Smartphone là thiết bị chính để mua sắm online tại Việt Nam, tỷ lệ mobile commerce tăng liên tục.",https://vneconomy.vn/mobile-commerce-2025,3
top sản phẩm tiktok shop,Top mặt hàng viral trên TikTok Shop Việt Nam tháng 4/2025,"Danh sách sản phẩm được chia sẻ nhiều nhất và có doanh số tăng đột biến trên TikTok Shop tháng 4.",https://tiktok.com/shop/vn/top-products,1
top sản phẩm tiktok shop,Chiến lược bán hàng trên TikTok Shop hiệu quả 2025,"Hướng dẫn từ A-Z để xây dựng cửa hàng TikTok Shop thành công: SEO, content, affiliate marketing.",https://tiktokshop.vn/huong-dan-ban-hang,2
doanh thu bán lẻ,"Tổng mức bán lẻ hàng hóa tháng 3/2025 tăng 9.5% so với cùng kỳ","Tổng cục Thống kê: tổng mức bán lẻ hàng hóa và dịch vụ tiêu dùng tháng 3/2025 đạt 578 nghìn tỷ đồng.",https://gso.gov.vn/thong-ke-ban-le-q1-2025,1
doanh thu bán lẻ,Doanh thu bán lẻ Việt Nam Q1/2025 - Phục hồi mạnh mẽ sau dịch,"Ngành bán lẻ ghi nhận tăng trưởng tích cực, đặc biệt là bán lẻ hiện đại và thương mại điện tử.",https://moit.gov.vn/doanh-thu-ban-le-q1-2025,2
khuyến mãi lazada shopee,Voucher giảm giá Shopee tháng 4/2025 - Tổng hợp mã freeship,"Tổng hợp tất cả mã voucher, mã freeship và ưu đãi hấp dẫn trên Shopee và Lazada tháng 4/2025.",https://couponviet.com/voucher-shopee-lazada,1
khuyến mãi lazada shopee,Lazada Super Sale tháng 4 - Giảm đến 80% hàng nghìn sản phẩm,"Chương trình Sale lớn nhất tháng 4 của Lazada: deals sốc, flash sale và ưu đãi thành viên Lazada Club.",https://lazada.vn/super-sale-thang4,2
bán hàng online 2024,Kinh nghiệm mở shop online từ 0 - Câu chuyện thành công 2024,"Chia sẻ thực tế từ các chủ shop online thành công: cách chọn sản phẩm, nguồn hàng và chiến lược marketing.",https://cafebiz.vn/kinh-nghiem-mo-shop-online,4
sản phẩm bán chạy shopee,Mỹ phẩm và skincare - Ngành hàng dẫn đầu doanh số Shopee 2025,"Mỹ phẩm nội địa và skincare Hàn Quốc tiếp tục thống trị bảng xếp hạng sản phẩm bán chạy trên Shopee.",https://beautyinside.vn/my-pham-ban-chay-shopee,4
